id,address,street,streetId,date,time,witnessName,witnessAge,witnessSex,contactNumber
1000,751 Diligence Street,Diligence Street,2,2025-02-11,00:16:00,John Doe 0,40,Female,09171447153
1001,698 Bougainvilla Street,Bougainvilla Street,11,2024-08-29,16:21:00,John Doe 1,46,Female,09179192333
1002,327 Love Street,Love Street,9,2025-03-26,01:25:00,John Doe 2,58,Female,09176473868
1003,591 Goodwill Avenue,Goodwill Avenue,7,2024-05-08,12:10:00,John Doe 3,62,Female,09172241483
1004,688 Bougainvilla Street,Bougainvilla Street,11,2024-06-09,23:24:00,John Doe 4,53,Female,09178696843
1005,556 Diligence Street,Diligence Street,2,2024-08-21,15:06:00,John Doe 5,36,Male,09178009231
1006,996 Bougainvilla Street,Bougainvilla Street,11,2025-03-23,04:04:00,John Doe 6,24,Male,09175608309
1007,940 Charity Street,Charity Street,3,2025-04-05,04:53:00,John Doe 7,41,Male,09176340685
1008,735 Efficiency Street,Efficiency Street,6,2024-05-29,15:02:00,John Doe 8,49,Female,09172925755
1009,793 Efficiency Street,Efficiency Street,6,2024-08-16,08:48:00,John Doe 9,65,Female,09172959077
1010,701 Diligence Street,Diligence Street,2,2024-05-17,18:11:00,John Doe 10,61,Male,09172927372
1011,284 Bougainvilla Street,Bougainvilla Street,11,2025-04-13,20:23:00,John Doe 11,30,Male,09178034264
1012,649 Obedience Street,Obedience Street,10,2024-09-10,05:41:00,John Doe 12,26,Male,09179250724
1013,274 Goodwill Avenue,Goodwill Avenue,7,2024-09-01,12:11:00,John Doe 13,51,Male,09174451155
1014,947 Bougainvilla Street,Bougainvilla Street,11,2025-01-20,15:08:00,John Doe 14,69,Female,09178572353
1015,798 Obedience Street,Obedience Street,10,2024-07-25,19:30:00,John Doe 15,34,Male,09174945251
1016,771 Charity Street,Charity Street,3,2025-01-07,22:16:00,John Doe 16,51,Female,09176353885
1017,527 Love Street,Love Street,9,2024-06-09,00:42:00,John Doe 17,56,Female,09172271856
1018,506 Efficiency Street,Efficiency Street,6,2024-06-03,17:34:00,John Doe 18,60,Female,09177710432
1019,300 West Los Angeles Street,West Los Angeles Street,1,2024-07-15,12:49:00,John Doe 19,34,Female,09175954471
1020,489 Goodwill Avenue,Goodwill Avenue,7,2024-07-02,19:59:00,John Doe 20,38,Female,09174865781
1021,776 Love Street,Love Street,9,2024-09-06,00:24:00,John Doe 21,59,Male,09175563741
1022,600 Efficiency Street,Efficiency Street,6,2024-05-21,10:18:00,John Doe 22,38,Female,09171961335
1023,686 Goodwill Avenue,Goodwill Avenue,7,2024-07-17,18:04:00,John Doe 23,34,Female,09177448211
1024,109 Bougainvilla Street,Bougainvilla Street,11,2024-04-30,13:14:00,John Doe 24,51,Male,09172522813
1025,727 Diligence Street,Diligence Street,2,2024-08-27,16:26:00,John Doe 25,33,Male,09171580663
1026,100 Charity Street,Charity Street,3,2024-07-22,21:48:00,John Doe 26,48,Male,09175615942
1027,678 West Los Angeles Street,West Los Angeles Street,1,2024-09-23,22:53:00,John Doe 27,29,Male,09175395656
1028,146 Obedience Street,Obedience Street,10,2024-10-07,22:57:00,John Doe 28,45,Male,09178890818
1029,957 Faith Street,Faith Street,8,2025-03-20,19:19:00,John Doe 29,55,Male,09179115439
1030,876 Diligence Street,Diligence Street,2,2025-03-30,15:11:00,John Doe 30,46,Male,09171638465
1031,121 Industrious Street,Industrious Street,4,2025-02-08,15:30:00,John Doe 31,28,Male,09177941858
1032,545 Goodwill Avenue,Goodwill Avenue,7,2024-07-21,07:40:00,John Doe 32,24,Male,09178821118
1033,103 Love Street,Love Street,9,2025-01-05,20:00:00,John Doe 33,65,Female,09174861897
1034,452 Diligence Street,Diligence Street,2,2024-10-19,23:44:00,John Doe 34,45,Male,09172900072
1035,657 Industrious Street,Industrious Street,4,2025-02-26,17:37:00,John Doe 35,66,Male,09173251949
1036,187 Goodwill Avenue,Goodwill Avenue,7,2024-08-10,20:21:00,John Doe 36,63,Male,09177540033
1037,694 West Los Angeles Street,West Los Angeles Street,1,2025-03-28,08:22:00,John Doe 37,18,Male,09178762999
1038,355 Charity Street,Charity Street,3,2025-03-01,20:19:00,John Doe 38,28,Female,09174851920
1039,809 Diligence Street,Diligence Street,2,2024-10-29,18:24:00,John Doe 39,23,Female,09178889053
1040,184 Goodwill Avenue,Goodwill Avenue,7,2024-05-28,04:19:00,John Doe 40,40,Male,09174988854
1041,986 West Los Angeles Street,West Los Angeles Street,1,2024-05-09,15:42:00,John Doe 41,62,Female,09175678172
1042,543 West Los Angeles Street,West Los Angeles Street,1,2024-09-28,13:03:00,John Doe 42,42,Male,09173579327
1043,579 Charity Street,Charity Street,3,2024-07-07,00:24:00,John Doe 43,53,Female,09177805536
1044,487 Faith Street,Faith Street,8,2024-06-08,02:17:00,John Doe 44,48,Male,09171327986
1045,484 Love Street,Love Street,9,2024-04-27,15:48:00,John Doe 45,61,Female,09173961561
1046,971 Industrious Street,Industrious Street,4,2024-11-05,18:11:00,John Doe 46,54,Female,09171092657
1047,906 Diligence Street,Diligence Street,2,2024-08-13,05:04:00,John Doe 47,21,Female,09175357757
1048,625 Efficiency Street,Efficiency Street,6,2024-04-25,21:56:00,John Doe 48,22,Female,09176163167
1049,610 Diligence Street,Diligence Street,2,2025-01-26,11:40:00,John Doe 49,65,Male,09174473996
